kernel,C,gamma,degree,coef0,val_accuracy,train_val_gap,val_f1_macro,val_f1_positive,val_precision_1,val_recall_1
linear,0.001,,,,0.6075268817204301,0.0050857308921824496,0.5963133640552996,0.663594470046083,0.5333333333333333,0.8780487804878049
linear,0.0025118864315095794,,,,0.6720430107526881,-0.033529497239174644,0.6685847816561998,0.7024390243902439,0.5853658536585366,0.8780487804878049
linear,0.00630957344480193,,,,0.6774193548387096,-0.01638331880267363,0.6760710553814002,0.696969696969697,0.5948275862068966,0.8414634146341463
linear,0.01584893192461114,,,,0.6559139784946236,0.010752688172043001,0.6552762654928761,0.6701030927835051,0.5803571428571429,0.7926829268292683
linear,0.039810717055349734,,,,0.6021505376344086,0.06564225515838418,0.602104532839963,0.6063829787234043,0.5377358490566038,0.6951219512195121
linear,0.1,,,,0.5967741935483871,0.06764022086602728,0.5967625379390085,0.5945945945945946,0.5339805825242718,0.6707317073170732
linear,0.25118864315095824,,,,0.5806451612903226,0.08939988375472241,0.5804511278195488,0.5714285714285714,0.52,0.6341463414634146
linear,0.6309573444801936,,,,0.5752688172043011,0.09027172333623945,0.5749616730785918,0.56353591160221,0.5151515151515151,0.6219512195121951
linear,1.584893192461114,,,,0.5645161290322581,0.09877215925603022,0.5634941329856584,0.5423728813559322,0.5052631578947369,0.5853658536585366
linear,3.981071705534973,,,,0.5483870967741935,0.11827956989247312,0.5475500984594,0.5280898876404494,0.4895833333333333,0.573170731707317
linear,10.0,,,,0.6666666666666666,-0.04954954954954949,0.6657003710575139,0.6836734693877551,0.5877192982456141,0.8170731707317073
linear,25.11886431509582,,,,0.6290322580645161,0.0027244986922406733,0.6197896607909938,0.6790697674418604,0.5488721804511278,0.8902439024390244
linear,63.09573444801943,,,,0.521505376344086,0.08547660563789594,0.5208266998581643,0.538860103626943,0.46846846846846846,0.6341463414634146
linear,158.48931924611142,,,,0.5698924731182796,0.02470212147631501,0.5467836257309941,0.6491228070175439,0.5068493150684932,0.9024390243902439
linear,398.1071705534977,,,,0.6666666666666666,-0.10135135135135132,0.6610229276895944,0.7047619047619048,0.578125,0.9024390243902439
linear,1000.0,,,,0.6344086021505376,-0.04094013368206917,0.6282186948853616,0.6761904761904762,0.5546875,0.8658536585365854
rbf,0.01,scale,,,0.5591397849462365,-0.14922987503632662,0.3586206896551724,0.0,0.0,0.0
rbf,0.01,auto,,,0.5591397849462365,-0.14922987503632662,0.3586206896551724,0.0,0.0,0.0
rbf,0.01,0.0001,,,0.5591397849462365,-0.14922987503632662,0.3586206896551724,0.0,0.0,0.0
rbf,0.01,0.00035938136638046257,,,0.5591397849462365,-0.14922987503632662,0.3586206896551724,0.0,0.0,0.0
rbf,0.01,0.001291549665014884,,,0.5591397849462365,-0.14922987503632662,0.3586206896551724,0.0,0.0,0.0
rbf,0.01,0.004641588833612782,,,0.5591397849462365,-0.14922987503632662,0.3586206896551724,0.0,0.0,0.0
rbf,0.01,0.016681005372000592,,,0.5591397849462365,-0.14922987503632662,0.3586206896551724,0.0,0.0,0.0
rbf,0.01,0.05994842503189409,,,0.5591397849462365,-0.14922987503632662,0.3586206896551724,0.0,0.0,0.0
rbf,0.01,0.21544346900318845,,,0.5591397849462365,-0.14922987503632662,0.3586206896551724,0.0,0.0,0.0
rbf,0.01,0.7742636826811278,,,0.5591397849462365,-0.14922987503632662,0.3586206896551724,0.0,0.0,0.0
rbf,0.01,2.782559402207126,,,0.5591397849462365,-0.14922987503632662,0.3586206896551724,0.0,0.0,0.0
rbf,0.01,10.0,,,0.5591397849462365,-0.14922987503632662,0.3586206896551724,0.0,0.0,0.0
rbf,0.022758459260747887,scale,,,0.5967741935483871,-0.01794536471955832,0.5801607126734283,0.4966442953020134,0.5522388059701493,0.45121951219512196
rbf,0.022758459260747887,auto,,,0.5967741935483871,-0.01794536471955832,0.5801607126734283,0.4966442953020134,0.5522388059701493,0.45121951219512196
rbf,0.022758459260747887,0.0001,,,0.5591397849462365,-0.14922987503632662,0.3586206896551724,0.0,0.0,0.0
rbf,0.022758459260747887,0.00035938136638046257,,,0.5591397849462365,-0.14922987503632662,0.3586206896551724,0.0,0.0,0.0
rbf,0.022758459260747887,0.001291549665014884,,,0.5591397849462365,-0.14922987503632662,0.3586206896551724,0.0,0.0,0.0
rbf,0.022758459260747887,0.004641588833612782,,,0.5591397849462365,-0.14922987503632662,0.3586206896551724,0.0,0.0,0.0
rbf,0.022758459260747887,0.016681005372000592,,,0.6129032258064516,-0.07574106364428945,0.5609180327868852,0.4098360655737705,0.625,0.3048780487804878
rbf,0.022758459260747887,0.05994842503189409,,,0.5967741935483871,-0.02132374309793672,0.5819723712205208,0.5033112582781457,0.5507246376811594,0.4634146341463415
rbf,0.022758459260747887,0.21544346900318845,,,0.6290322580645161,-0.10988811392037201,0.573720397249809,0.42016806722689076,0.6756756756756757,0.3048780487804878
rbf,0.022758459260747887,0.7742636826811278,,,0.5591397849462365,-0.14922987503632662,0.3586206896551724,0.0,0.0,0.0
rbf,0.022758459260747887,2.782559402207126,,,0.5591397849462365,-0.14922987503632662,0.3586206896551724,0.0,0.0,0.0
rbf,0.022758459260747887,10.0,,,0.5591397849462365,-0.14922987503632662,0.3586206896551724,0.0,0.0,0.0
rbf,0.05179474679231213,scale,,,0.6075268817204301,0.03774338854984016,0.601432471306543,0.5521472392638037,0.5555555555555556,0.5487804878048781
rbf,0.05179474679231213,auto,,,0.6075268817204301,0.03774338854984016,0.601432471306543,0.5521472392638037,0.5555555555555556,0.5487804878048781
rbf,0.05179474679231213,0.0001,,,0.5591397849462365,-0.14922987503632662,0.3586206896551724,0.0,0.0,0.0
rbf,0.05179474679231213,0.00035938136638046257,,,0.5591397849462365,-0.14922987503632662,0.3586206896551724,0.0,0.0,0.0
rbf,0.05179474679231213,0.001291549665014884,,,0.5591397849462365,-0.14922987503632662,0.3586206896551724,0.0,0.0,0.0
rbf,0.05179474679231213,0.004641588833612782,,,0.5860215053763441,-0.009444928799767549,0.5669841269841269,0.47619047619047616,0.5384615384615384,0.4268292682926829
rbf,0.05179474679231213,0.016681005372000592,,,0.6666666666666666,-0.04504504504504503,0.6663194444444445,0.6770833333333334,0.5909090909090909,0.7926829268292683
rbf,0.05179474679231213,0.05994842503189409,,,0.6290322580645161,0.01511188607962799,0.6266038229903116,0.5964912280701754,0.5730337078651685,0.6219512195121951
rbf,0.05179474679231213,0.21544346900318845,,,0.5967741935483871,0.014712292938099392,0.576181072459365,0.4827586206896552,0.5555555555555556,0.4268292682926829
rbf,0.05179474679231213,0.7742636826811278,,,0.6290322580645161,-0.13691514094739898,0.5473814142126608,0.35514018691588783,0.76,0.23170731707317074
rbf,0.05179474679231213,2.782559402207126,,,0.5591397849462365,-0.14922987503632662,0.3586206896551724,0.0,0.0,0.0
rbf,0.05179474679231213,10.0,,,0.5591397849462365,-0.14922987503632662,0.3586206896551724,0.0,0.0,0.0
rbf,0.11787686347935872,scale,,,0.6182795698924731,0.050639349026445846,0.6164057280622768,0.5895953757225434,0.5604395604395604,0.6219512195121951
rbf,0.11787686347935872,auto,,,0.6182795698924731,0.050639349026445846,0.6164057280622768,0.5895953757225434,0.5604395604395604,0.6219512195121951
rbf,0.11787686347935872,0.0001,,,0.5591397849462365,-0.14922987503632662,0.3586206896551724,0.0,0.0,0.0
rbf,0.11787686347935872,0.00035938136638046257,,,0.5591397849462365,-0.14922987503632662,0.3586206896551724,0.0,0.0,0.0
rbf,0.11787686347935872,0.001291549665014884,,,0.5967741935483871,-0.14744986922406278,0.45446013061671425,0.17582417582417584,0.8888888888888888,0.0975609756097561
rbf,0.11787686347935872,0.004641588833612782,,,0.6451612903225806,-0.021287416448706797,0.6410106445198269,0.6796116504854369,0.5645161290322581,0.8536585365853658
rbf,0.11787686347935872,0.016681005372000592,,,0.6666666666666666,-0.021396396396396344,0.6666666666666666,0.6666666666666666,0.5961538461538461,0.7560975609756098
rbf,0.11787686347935872,0.05994842503189409,,,0.6129032258064516,0.053763440860215006,0.6117810760667903,0.5909090909090909,0.5531914893617021,0.6341463414634146
rbf,0.11787686347935872,0.21544346900318845,,,0.6129032258064516,0.04475443185120609,0.6039275996687566,0.5443037974683544,0.5657894736842105,0.524390243902439
rbf,0.11787686347935872,0.7742636826811278,,,0.6397849462365591,-0.06320836965998256,0.5896743604096013,0.4462809917355372,0.6923076923076923,0.32926829268292684
rbf,0.11787686347935872,2.782559402207126,,,0.5645161290322581,-0.11969630921243829,0.37190978446658607,0.024096385542168676,1.0,0.012195121951219513
rbf,0.11787686347935872,10.0,,,0.5591397849462365,-0.14922987503632662,0.3586206896551724,0.0,0.0,0.0
rbf,0.2682695795279726,scale,,,0.6129032258064516,0.08867335077012495,0.6117810760667903,0.5909090909090909,0.5531914893617021,0.6341463414634146
rbf,0.2682695795279726,auto,,,0.6129032258064516,0.08867335077012495,0.6117810760667903,0.5909090909090909,0.5531914893617021,0.6341463414634146
rbf,0.2682695795279726,0.0001,,,0.5591397849462365,-0.14922987503632662,0.3586206896551724,0.0,0.0,0.0
rbf,0.2682695795279726,0.00035938136638046257,,,0.5591397849462365,-0.14922987503632662,0.3586206896551724,0.0,0.0,0.0
rbf,0.2682695795279726,0.001291549665014884,,,0.5967741935483871,0.009081662307468763,0.576181072459365,0.6696035242290749,0.5241379310344828,0.926829268292683
rbf,0.2682695795279726,0.004641588833612782,,,0.6720430107526881,-0.029024992734670074,0.6708919506889051,0.6903553299492385,0.591304347826087,0.8292682926829268
rbf,0.2682695795279726,0.016681005372000592,,,0.6505376344086021,0.010498401627433873,0.650527532880474,0.6524064171122995,0.580952380952381,0.7439024390243902
rbf,0.2682695795279726,0.05994842503189409,,,0.6344086021505376,0.05815896541702992,0.6340277777777779,0.6222222222222222,0.5714285714285714,0.6829268292682927
rbf,0.2682695795279726,0.21544346900318845,,,0.6344086021505376,0.09869950595757049,0.6323255813953488,0.6046511627906976,0.5777777777777777,0.6341463414634146
rbf,0.2682695795279726,0.7742636826811278,,,0.6075268817204301,0.08278843359488519,0.5756211908110642,0.45925925925925926,0.5849056603773585,0.3780487804878049
rbf,0.2682695795279726,2.782559402207126,,,0.6397849462365591,-0.0846047660563789,0.5605007935108446,0.37383177570093457,0.8,0.24390243902439024
rbf,0.2682695795279726,10.0,,,0.5591397849462365,-0.09630194710839868,0.3586206896551724,0.0,0.0,0.0
rbf,0.6105402296585329,scale,,,0.6451612903225806,0.09808195292066257,0.6447916666666667,0.6333333333333333,0.5816326530612245,0.6951219512195121
rbf,0.6105402296585329,auto,,,0.6451612903225806,0.09808195292066257,0.6447916666666667,0.6333333333333333,0.5816326530612245,0.6951219512195121
rbf,0.6105402296585329,0.0001,,,0.5591397849462365,-0.14922987503632662,0.3586206896551724,0.0,0.0,0.0
rbf,0.6105402296585329,0.00035938136638046257,,,0.6075268817204301,-0.003923278116826467,0.5990787492249092,0.6572769953051644,0.5343511450381679,0.8536585365853658
rbf,0.6105402296585329,0.001291549665014884,,,0.6559139784946236,-0.02753560011624523,0.6518891098374079,0.6893203883495146,0.5725806451612904,0.8658536585365854
rbf,0.6105402296585329,0.004641588833612782,,,0.6612903225806451,-0.007011043301365816,0.6604954367666231,0.676923076923077,0.584070796460177,0.8048780487804879
rbf,0.6105402296585329,0.016681005372000592,,,0.6344086021505376,0.04351932577739026,0.6343663274745606,0.6304347826086957,0.5686274509803921,0.7073170731707317
rbf,0.6105402296585329,0.05994842503189409,,,0.6182795698924731,0.1013150247021215,0.6180035289693674,0.6077348066298343,0.5555555555555556,0.6707317073170732
rbf,0.6105402296585329,0.21544346900318845,,,0.6397849462365591,0.15976460331299047,0.6396912134617052,0.6338797814207651,0.5742574257425742,0.7073170731707317
rbf,0.6105402296585329,0.7742636826811278,,,0.6397849462365591,0.24535018889857596,0.6320311807954646,0.5786163522012578,0.5974025974025974,0.5609756097560976
rbf,0.6105402296585329,2.782559402207126,,,0.6397849462365591,0.33431415286253996,0.5860763277643073,0.4369747899159664,0.7027027027027027,0.3170731707317073
rbf,0.6105402296585329,10.0,,,0.6129032258064516,0.38484452194129615,0.4875248737180468,0.23404255319148937,0.9166666666666666,0.13414634146341464
rbf,1.3894954943731375,scale,,,0.6612903225806451,0.11573670444638184,0.6612805318687671,0.6631016042780749,0.5904761904761905,0.7560975609756098
rbf,1.3894954943731375,auto,,,0.6612903225806451,0.11573670444638184,0.6612805318687671,0.6631016042780749,0.5904761904761905,0.7560975609756098
rbf,1.3894954943731375,0.0001,,,0.5913978494623656,-0.13419064225515842,0.4512422360248447,0.17391304347826086,0.8,0.0975609756097561
rbf,1.3894954943731375,0.00035938136638046257,,,0.6075268817204301,0.00621185701830862,0.5963133640552996,0.663594470046083,0.5333333333333333,0.8780487804878049
rbf,1.3894954943731375,0.001291549665014884,,,0.6774193548387096,-0.01638331880267363,0.6755813953488372,0.7,0.5932203389830508,0.8536585365853658
rbf,1.3894954943731375,0.004641588833612782,,,0.6182795698924731,0.048387096774193505,0.6180035289693674,0.6282722513089005,0.5504587155963303,0.7317073170731707
rbf,1.3894954943731375,0.016681005372000592,,,0.6612903225806451,0.034655623365300814,0.6612805318687671,0.6631016042780749,0.5904761904761905,0.7560975609756098
rbf,1.3894954943731375,0.05994842503189409,,,0.6720430107526881,0.07457861086893347,0.6720335308570603,0.6702702702702703,0.6019417475728155,0.7560975609756098
rbf,1.3894954943731375,0.21544346900318845,,,0.6236559139784946,0.20517291485033418,0.6236123959296946,0.6276595744680851,0.5566037735849056,0.7195121951219512
rbf,1.3894954943731375,0.7742636826811278,,,0.6021505376344086,0.33591252542865446,0.602104532839963,0.5978260869565217,0.5392156862745098,0.6707317073170732
rbf,1.3894954943731375,2.782559402207126,,,0.41935483870967744,0.5738884045335657,0.37792642140468224,0.5384615384615384,0.4144736842105263,0.7682926829268293
rbf,1.3894954943731375,10.0,,,0.43010752688172044,0.5698924731182795,0.3085016835016835,0.5984848484848485,0.4340659340659341,0.9634146341463414
rbf,3.1622776601683795,scale,,,0.6559139784946236,0.15039232781168266,0.6558741905642923,0.6521739130434783,0.5882352941176471,0.7317073170731707
rbf,3.1622776601683795,auto,,,0.6559139784946236,0.15039232781168266,0.6558741905642923,0.6521739130434783,0.5882352941176471,0.7317073170731707
rbf,3.1622776601683795,0.0001,,,0.6021505376344086,0.009335948852077891,0.5785670545009185,0.6782608695652174,0.527027027027027,0.9512195121951219
rbf,3.1622776601683795,0.00035938136638046257,,,0.6720430107526881,-0.0346556233653007,0.6685847816561998,0.7024390243902439,0.5853658536585366,0.8780487804878049
rbf,3.1622776601683795,0.001291549665014884,,,0.6559139784946236,0.008500435919790772,0.6552762654928761,0.6701030927835051,0.5803571428571429,0.7926829268292683
rbf,3.1622776601683795,0.004641588833612782,,,0.6129032258064516,0.058267945364719576,0.6128584643848289,0.6170212765957447,0.5471698113207547,0.7073170731707317
rbf,3.1622776601683795,0.016681005372000592,,,0.6612903225806451,0.03690787561755304,0.661045384860143,0.6701570680628273,0.5871559633027523,0.7804878048780488
rbf,3.1622776601683795,0.05994842503189409,,,0.6559139784946236,0.11660854402789889,0.6559139784946236,0.6559139784946236,0.5865384615384616,0.7439024390243902
rbf,3.1622776601683795,0.21544346900318845,,,0.6344086021505376,0.23496076721883175,0.6342394447657606,0.6421052631578947,0.5648148148148148,0.7439024390243902
rbf,3.1622776601683795,0.7742636826811278,,,0.6075268817204301,0.36094158674803833,0.6075155369273016,0.6096256684491979,0.5428571428571428,0.6951219512195121
rbf,3.1622776601683795,2.782559402207126,,,0.41397849462365593,0.5837692531240919,0.36633849038912325,0.540084388185654,0.4129032258064516,0.7804878048780488
rbf,3.1622776601683795,10.0,,,0.43010752688172044,0.5698924731182795,0.3085016835016835,0.5984848484848485,0.4340659340659341,0.9634146341463414
rbf,7.196856730011521,scale,,,0.6666666666666666,0.16554054054054057,0.6666281221091581,0.6630434782608695,0.5980392156862745,0.7439024390243902
rbf,7.196856730011521,auto,,,0.6666666666666666,0.16554054054054057,0.6666281221091581,0.6630434782608695,0.5980392156862745,0.7439024390243902
rbf,7.196856730011521,0.0001,,,0.6397849462365591,-0.015911072362685297,0.6331576933266609,0.6824644549763034,0.5581395348837209,0.8780487804878049
rbf,7.196856730011521,0.00035938136638046257,,,0.6881720430107527,-0.026009880848590572,0.6863953488372092,0.71,0.6016949152542372,0.8658536585365854
rbf,7.196856730011521,0.001291549665014884,,,0.6397849462365591,0.028007846556233673,0.6392740324774944,0.6528497409326425,0.5675675675675675,0.7682926829268293
rbf,7.196856730011521,0.004641588833612782,,,0.6397849462365591,0.04489973844812556,0.639774533892181,0.6378378378378379,0.5728155339805825,0.7195121951219512
rbf,7.196856730011521,0.016681005372000592,,,0.6666666666666666,0.059684684684684686,0.6665124349334876,0.6736842105263158,0.5925925925925926,0.7804878048780488
rbf,7.196856730011521,0.05994842503189409,,,0.6774193548387096,0.1277608253414706,0.6774193548387096,0.6774193548387096,0.6057692307692307,0.7682926829268293
rbf,7.196856730011521,0.21544346900318845,,,0.6451612903225806,0.2546134844521941,0.6451202590194265,0.6413043478260869,0.5784313725490197,0.7195121951219512
rbf,7.196856730011521,0.7742636826811278,,,0.6290322580645161,0.3574542284219704,0.6290215349038879,0.6310160427807486,0.5619047619047619,0.7195121951219512
rbf,7.196856730011521,2.782559402207126,,,0.41935483870967744,0.5806451612903225,0.37412761714855436,0.5423728813559322,0.4155844155844156,0.7804878048780488
rbf,7.196856730011521,10.0,,,0.43010752688172044,0.5698924731182795,0.3085016835016835,0.5984848484848485,0.4340659340659341,0.9634146341463414
rbf,16.378937069540648,scale,,,0.6451612903225806,0.2129468177855275,0.6451202590194265,0.6413043478260869,0.5784313725490197,0.7195121951219512
rbf,16.378937069540648,auto,,,0.6451612903225806,0.2129468177855275,0.6451202590194265,0.6413043478260869,0.5784313725490197,0.7195121951219512
rbf,16.378937069540648,0.0001,,,0.6827956989247311,-0.03414705027608245,0.6801235899379136,0.7093596059113301,0.5950413223140496,0.8780487804878049
rbf,16.378937069540648,0.00035938136638046257,,,0.6451612903225806,0.018126997965707714,0.6445036487895286,0.6597938144329897,0.5714285714285714,0.7804878048780488
rbf,16.378937069540648,0.001291549665014884,,,0.6075268817204301,0.0658965417029933,0.6075155369273016,0.6054054054054054,0.5436893203883495,0.6829268292682927
rbf,16.378937069540648,0.004641588833612782,,,0.6666666666666666,0.03378378378378377,0.6666281221091581,0.6702127659574468,0.5943396226415094,0.7682926829268293
rbf,16.378937069540648,0.016681005372000592,,,0.6720430107526881,0.06444347573379838,0.6720335308570603,0.6737967914438503,0.6,0.7682926829268293
rbf,16.378937069540648,0.05994842503189409,,,0.6612903225806451,0.15852949723917464,0.6612021857923497,0.6557377049180327,0.594059405940594,0.7317073170731707
rbf,16.378937069540648,0.21544346900318845,,,0.6559139784946236,0.27877070619006106,0.6552762654928761,0.6404494382022472,0.59375,0.6951219512195121
rbf,16.378937069540648,0.7742636826811278,,,0.6129032258064516,0.3792138913106655,0.6127241179872759,0.6210526315789474,0.5462962962962963,0.7195121951219512
rbf,16.378937069540648,2.782559402207126,,,0.41935483870967744,0.5806451612903225,0.37412761714855436,0.5423728813559322,0.4155844155844156,0.7804878048780488
rbf,16.378937069540648,10.0,,,0.43010752688172044,0.5698924731182795,0.3085016835016835,0.5984848484848485,0.4340659340659341,0.9634146341463414
rbf,37.27593720314942,scale,,,0.6451612903225806,0.23997384481255446,0.6451202590194265,0.6413043478260869,0.5784313725490197,0.7195121951219512
rbf,37.27593720314942,auto,,,0.6451612903225806,0.23997384481255446,0.6451202590194265,0.6413043478260869,0.5784313725490197,0.7195121951219512
rbf,37.27593720314942,0.0001,,,0.6774193548387096,-0.007374309793664602,0.6764842300556586,0.6938775510204082,0.5964912280701754,0.8292682926829268
rbf,37.27593720314942,0.00035938136638046257,,,0.6236559139784946,0.044136878814298175,0.6234817813765182,0.631578947368421,0.5555555555555556,0.7317073170731707
rbf,37.27593720314942,0.001291549665014884,,,0.6075268817204301,0.0692749200813717,0.6075155369273016,0.6054054054054054,0.5436893203883495,0.6829268292682927
rbf,37.27593720314942,0.004641588833612782,,,0.6827956989247311,0.03229439116535893,0.6820512820512821,0.6974358974358974,0.6017699115044248,0.8292682926829268
rbf,37.27593720314942,0.016681005372000592,,,0.6666666666666666,0.0923423423423424,0.6666281221091581,0.6702127659574468,0.5943396226415094,0.7682926829268293
rbf,37.27593720314942,0.05994842503189409,,,0.6559139784946236,0.19656349898285386,0.6557547715442452,0.6483516483516484,0.59,0.7195121951219512
rbf,37.27593720314942,0.21544346900318845,,,0.6612903225806451,0.29704301075268824,0.661045384860143,0.6519337016574586,0.5959595959595959,0.7195121951219512
rbf,37.27593720314942,0.7742636826811278,,,0.6075268817204301,0.3913469921534437,0.6074247549657386,0.6137566137566137,0.5420560747663551,0.7073170731707317
rbf,37.27593720314942,2.782559402207126,,,0.41935483870967744,0.5806451612903225,0.37412761714855436,0.5423728813559322,0.4155844155844156,0.7804878048780488
rbf,37.27593720314942,10.0,,,0.43010752688172044,0.5698924731182795,0.3085016835016835,0.5984848484848485,0.4340659340659341,0.9634146341463414
rbf,84.83428982440725,scale,,,0.6505376344086021,0.24585876198779422,0.6504466996270275,0.644808743169399,0.5841584158415841,0.7195121951219512
rbf,84.83428982440725,auto,,,0.6505376344086021,0.24585876198779422,0.6504466996270275,0.644808743169399,0.5841584158415841,0.7195121951219512
rbf,84.83428982440725,0.0001,,,0.6505376344086021,0.015002906131938443,0.6500419718065245,0.6632124352331606,0.5765765765765766,0.7804878048780488
rbf,84.83428982440725,0.00035938136638046257,,,0.6021505376344086,0.0746512641673932,0.602104532839963,0.5978260869565217,0.5392156862745098,0.6707317073170732
rbf,84.83428982440725,0.001291549665014884,,,0.6344086021505376,0.05365446091252546,0.6342394447657606,0.6263736263736264,0.57,0.6951219512195121
rbf,84.83428982440725,0.004641588833612782,,,0.6774193548387096,0.043301365882011056,0.6764842300556586,0.6938775510204082,0.5964912280701754,0.8292682926829268
rbf,84.83428982440725,0.016681005372000592,,,0.6666666666666666,0.11711711711711714,0.6666281221091581,0.6702127659574468,0.5943396226415094,0.7682926829268293
rbf,84.83428982440725,0.05994842503189409,,,0.6021505376344086,0.2728494623655914,0.6021505376344086,0.6021505376344086,0.5384615384615384,0.6829268292682927
rbf,84.83428982440725,0.21544346900318845,,,0.6881720430107527,0.2881793083405986,0.6878472222222223,0.6777777777777778,0.6224489795918368,0.7439024390243902
rbf,84.83428982440725,0.7742636826811278,,,0.6021505376344086,0.3978494623655914,0.602104532839963,0.6063829787234043,0.5377358490566038,0.6951219512195121
rbf,84.83428982440725,2.782559402207126,,,0.41935483870967744,0.5806451612903225,0.37412761714855436,0.5423728813559322,0.4155844155844156,0.7804878048780488
rbf,84.83428982440725,10.0,,,0.43010752688172044,0.5698924731182795,0.3085016835016835,0.5984848484848485,0.4340659340659341,0.9634146341463414
rbf,193.06977288832496,scale,,,0.6451612903225806,0.27938825922696897,0.6451202590194265,0.6413043478260869,0.5784313725490197,0.7195121951219512
rbf,193.06977288832496,auto,,,0.6451612903225806,0.27938825922696897,0.6451202590194265,0.6413043478260869,0.5784313725490197,0.7195121951219512
rbf,193.06977288832496,0.0001,,,0.5967741935483871,0.07101859924440568,0.5967625379390085,0.5989304812834224,0.5333333333333333,0.6829268292682927
rbf,193.06977288832496,0.00035938136638046257,,,0.6021505376344086,0.0746512641673932,0.602104532839963,0.5978260869565217,0.5392156862745098,0.6707317073170732
rbf,193.06977288832496,0.001291549665014884,,,0.6612903225806451,0.04366463237430984,0.6612805318687671,0.6631016042780749,0.5904761904761905,0.7560975609756098
rbf,193.06977288832496,0.004641588833612782,,,0.6559139784946236,0.07719412961348449,0.6552762654928761,0.6701030927835051,0.5803571428571429,0.7926829268292683
rbf,193.06977288832496,0.016681005372000592,,,0.6666666666666666,0.13626126126126126,0.6666666666666666,0.6666666666666666,0.5961538461538461,0.7560975609756098
rbf,193.06977288832496,0.05994842503189409,,,0.6344086021505376,0.25860941586748043,0.6344086021505376,0.6344086021505376,0.5673076923076923,0.7195121951219512
rbf,193.06977288832496,0.21544346900318845,,,0.6881720430107527,0.29831444347573377,0.6878472222222223,0.6777777777777778,0.6224489795918368,0.7439024390243902
rbf,193.06977288832496,0.7742636826811278,,,0.6021505376344086,0.3978494623655914,0.602104532839963,0.6063829787234043,0.5377358490566038,0.6951219512195121
rbf,193.06977288832496,2.782559402207126,,,0.41935483870967744,0.5806451612903225,0.37412761714855436,0.5423728813559322,0.4155844155844156,0.7804878048780488
rbf,193.06977288832496,10.0,,,0.43010752688172044,0.5698924731182795,0.3085016835016835,0.5984848484848485,0.4340659340659341,0.9634146341463414
rbf,439.3970560760795,scale,,,0.6397849462365591,0.3106655042138913,0.6395244569147551,0.6298342541436464,0.5757575757575758,0.6951219512195121
rbf,439.3970560760795,auto,,,0.6397849462365591,0.3106655042138913,0.6395244569147551,0.6298342541436464,0.5757575757575758,0.6951219512195121
rbf,439.3970560760795,0.0001,,,0.5860215053763441,0.08402353966870091,0.5859137826350941,0.5792349726775956,0.5247524752475248,0.6463414634146342
rbf,439.3970560760795,0.00035938136638046257,,,0.5967741935483871,0.0867843650101714,0.5966692688004163,0.5901639344262295,0.5346534653465347,0.6585365853658537
rbf,439.3970560760795,0.001291549665014884,,,0.6827956989247311,0.031168265039232868,0.6820512820512821,0.6974358974358974,0.6017699115044248,0.8292682926829268
rbf,439.3970560760795,0.004641588833612782,,,0.6451612903225806,0.1037125835512932,0.6445036487895286,0.6597938144329897,0.5714285714285714,0.7804878048780488
rbf,439.3970560760795,0.016681005372000592,,,0.6559139784946236,0.1684103458297007,0.6555555555555556,0.6444444444444445,0.5918367346938775,0.7073170731707317
rbf,439.3970560760795,0.05994842503189409,,,0.6774193548387096,0.20771578029642546,0.6768214988995713,0.6907216494845361,0.5982142857142857,0.8170731707317073
rbf,439.3970560760795,0.21544346900318845,,,0.6935483870967742,0.29969485614646896,0.6920440352049264,0.6705202312138728,0.6373626373626373,0.7073170731707317
rbf,439.3970560760795,0.7742636826811278,,,0.6021505376344086,0.3978494623655914,0.602104532839963,0.6063829787234043,0.5377358490566038,0.6951219512195121
rbf,439.3970560760795,2.782559402207126,,,0.41935483870967744,0.5806451612903225,0.37412761714855436,0.5423728813559322,0.4155844155844156,0.7804878048780488
rbf,439.3970560760795,10.0,,,0.43010752688172044,0.5698924731182795,0.3085016835016835,0.5984848484848485,0.4340659340659341,0.9634146341463414
rbf,1000.0,scale,,,0.7096774193548387,0.18108834641092697,0.7096438482886216,0.7065217391304348,0.6372549019607843,0.7926829268292683
rbf,1000.0,auto,,,0.7096774193548387,0.18108834641092697,0.7096438482886216,0.7065217391304348,0.6372549019607843,0.7926829268292683
rbf,1000.0,0.0001,,,0.5967741935483871,0.0766492298750363,0.5967625379390085,0.5945945945945946,0.5339805825242718,0.6707317073170732
rbf,1000.0,0.00035938136638046257,,,0.6182795698924731,0.06753124091833773,0.6180035289693674,0.6077348066298343,0.5555555555555556,0.6707317073170732
rbf,1000.0,0.001291549665014884,,,0.6720430107526881,0.052056088346410956,0.6708919506889051,0.6903553299492385,0.591304347826087,0.8292682926829268
rbf,1000.0,0.004641588833612782,,,0.6774193548387096,0.09397704155768671,0.6755813953488372,0.7,0.5932203389830508,0.8536585365853658
rbf,1000.0,0.016681005372000592,,,0.6612903225806451,0.17204301075268824,0.661045384860143,0.6701570680628273,0.5871559633027523,0.7804878048780488
rbf,1000.0,0.05994842503189409,,,0.6774193548387096,0.19195001453065974,0.6764842300556586,0.6590909090909091,0.6170212765957447,0.7073170731707317
rbf,1000.0,0.21544346900318845,,,0.6774193548387096,0.3214545190351642,0.6764842300556586,0.6590909090909091,0.6170212765957447,0.7073170731707317
rbf,1000.0,0.7742636826811278,,,0.6021505376344086,0.3978494623655914,0.602104532839963,0.6063829787234043,0.5377358490566038,0.6951219512195121
rbf,1000.0,2.782559402207126,,,0.41935483870967744,0.5806451612903225,0.37412761714855436,0.5423728813559322,0.4155844155844156,0.7804878048780488
rbf,1000.0,10.0,,,0.43010752688172044,0.5698924731182795,0.3085016835016835,0.5984848484848485,0.4340659340659341,0.9634146341463414
poly,0.01,scale,2.0,0.0,0.6451612903225806,-0.11700813716942748,0.594047619047619,0.45,0.7105263157894737,0.32926829268292684
poly,0.01,scale,2.0,1.0,0.6344086021505376,0.023249055507120087,0.6344086021505376,0.6344086021505376,0.5673076923076923,0.7195121951219512
poly,0.01,auto,2.0,0.0,0.6451612903225806,-0.11700813716942748,0.594047619047619,0.45,0.7105263157894737,0.32926829268292684
poly,0.01,auto,2.0,1.0,0.6344086021505376,0.023249055507120087,0.6344086021505376,0.6344086021505376,0.5673076923076923,0.7195121951219512
poly,0.021544346900318832,scale,2.0,0.0,0.6505376344086021,-0.11224934612031379,0.6019228869645386,0.4628099173553719,0.717948717948718,0.34146341463414637
poly,0.021544346900318832,scale,2.0,1.0,0.6236559139784946,0.039632374309793716,0.6229584153828334,0.6067415730337079,0.5625,0.6585365853658537
poly,0.021544346900318832,auto,2.0,0.0,0.6505376344086021,-0.11224934612031379,0.6019228869645386,0.4628099173553719,0.717948717948718,0.34146341463414637
poly,0.021544346900318832,auto,2.0,1.0,0.6236559139784946,0.039632374309793716,0.6229584153828334,0.6067415730337079,0.5625,0.6585365853658537
poly,0.046415888336127774,scale,2.0,0.0,0.6290322580645161,-0.06822144725370527,0.5875301301623012,0.4566929133858268,0.6444444444444445,0.35365853658536583
poly,0.046415888336127774,scale,2.0,1.0,0.6290322580645161,0.0511479221156641,0.6290215349038879,0.6270270270270271,0.5631067961165048,0.7073170731707317
poly,0.046415888336127774,auto,2.0,0.0,0.6290322580645161,-0.06822144725370527,0.5875301301623012,0.4566929133858268,0.6444444444444445,0.35365853658536583
poly,0.046415888336127774,auto,2.0,1.0,0.6290322580645161,0.0511479221156641,0.6290215349038879,0.6270270270270271,0.5631067961165048,0.7073170731707317
poly,0.1,scale,2.0,0.0,0.6505376344086021,-0.06382592269689047,0.6288109054066501,0.5390070921985816,0.6440677966101694,0.4634146341463415
poly,0.1,scale,2.0,1.0,0.6451612903225806,0.050784655623365316,0.6447916666666667,0.65625,0.5727272727272728,0.7682926829268293
poly,0.1,auto,2.0,0.0,0.6505376344086021,-0.06382592269689047,0.6288109054066501,0.5390070921985816,0.6440677966101694,0.4634146341463415
poly,0.1,auto,2.0,1.0,0.6451612903225806,0.050784655623365316,0.6447916666666667,0.65625,0.5727272727272728,0.7682926829268293
poly,0.21544346900318834,scale,2.0,0.0,0.6774193548387096,-0.05241935483870963,0.6675801262957226,0.6103896103896104,0.6527777777777778,0.573170731707317
poly,0.21544346900318834,scale,2.0,1.0,0.6505376344086021,0.0555434466724789,0.6500419718065245,0.6632124352331606,0.5765765765765766,0.7804878048780488
poly,0.21544346900318834,auto,2.0,0.0,0.6774193548387096,-0.05241935483870963,0.6675801262957226,0.6103896103896104,0.6527777777777778,0.573170731707317
poly,0.21544346900318834,auto,2.0,1.0,0.6505376344086021,0.0555434466724789,0.6500419718065245,0.6632124352331606,0.5765765765765766,0.7804878048780488
poly,0.46415888336127775,scale,2.0,0.0,0.6827956989247311,-0.03189479802383022,0.6787000439174352,0.6424242424242425,0.6385542168674698,0.6463414634146342
poly,0.46415888336127775,scale,2.0,1.0,0.6666666666666666,0.05180180180180183,0.6665124349334876,0.6736842105263158,0.5925925925925926,0.7804878048780488
poly,0.46415888336127775,auto,2.0,0.0,0.6827956989247311,-0.03189479802383022,0.6787000439174352,0.6424242424242425,0.6385542168674698,0.6463414634146342
poly,0.46415888336127775,auto,2.0,1.0,0.6666666666666666,0.05180180180180183,0.6665124349334876,0.6736842105263158,0.5925925925925926,0.7804878048780488
poly,1.0,scale,2.0,0.0,0.6666666666666666,0.009009009009009028,0.6657003710575139,0.6477272727272727,0.6063829787234043,0.6951219512195121
poly,1.0,scale,2.0,1.0,0.6505376344086021,0.08482272595175822,0.6493110949963742,0.6700507614213198,0.5739130434782609,0.8048780487804879
poly,1.0,auto,2.0,0.0,0.6666666666666666,0.009009009009009028,0.6657003710575139,0.6477272727272727,0.6063829787234043,0.6951219512195121
poly,1.0,auto,2.0,1.0,0.6505376344086021,0.08482272595175822,0.6493110949963742,0.6700507614213198,0.5739130434782609,0.8048780487804879
poly,2.154434690031882,scale,2.0,0.0,0.6559139784946236,0.031022958442313286,0.6559139784946236,0.6559139784946236,0.5865384615384616,0.7439024390243902
poly,2.154434690031882,scale,2.0,1.0,0.6290322580645161,0.10632810229584422,0.6272112005112267,0.6532663316582915,0.5555555555555556,0.7926829268292683
poly,2.154434690031882,auto,2.0,0.0,0.6559139784946236,0.031022958442313286,0.6559139784946236,0.6559139784946236,0.5865384615384616,0.7439024390243902
poly,2.154434690031882,auto,2.0,1.0,0.6290322580645161,0.10632810229584422,0.6272112005112267,0.6532663316582915,0.5555555555555556,0.7926829268292683
poly,4.6415888336127775,scale,2.0,0.0,0.6505376344086021,0.038651554780587016,0.6504466996270275,0.644808743169399,0.5841584158415841,0.7195121951219512
poly,4.6415888336127775,scale,2.0,1.0,0.6344086021505376,0.11333914559721014,0.6323255813953488,0.66,0.559322033898305,0.8048780487804879
poly,4.6415888336127775,auto,2.0,0.0,0.6505376344086021,0.038651554780587016,0.6504466996270275,0.644808743169399,0.5841584158415841,0.7195121951219512
poly,4.6415888336127775,auto,2.0,1.0,0.6344086021505376,0.11333914559721014,0.6323255813953488,0.66,0.559322033898305,0.8048780487804879
poly,10.0,scale,2.0,0.0,0.6451612903225806,0.049658529497239146,0.6447916666666667,0.6333333333333333,0.5816326530612245,0.6951219512195121
poly,10.0,scale,2.0,1.0,0.6344086021505376,0.12347428073234523,0.6316831683168317,0.6633663366336634,0.5583333333333333,0.8170731707317073
poly,10.0,auto,2.0,0.0,0.6451612903225806,0.049658529497239146,0.6447916666666667,0.6333333333333333,0.5816326530612245,0.6951219512195121
poly,10.0,auto,2.0,1.0,0.6344086021505376,0.12347428073234523,0.6316831683168317,0.6633663366336634,0.5583333333333333,0.8170731707317073
poly,21.54434690031882,scale,2.0,0.0,0.6397849462365591,0.05165649520488236,0.6392740324774944,0.6256983240223464,0.5773195876288659,0.6829268292682927
poly,21.54434690031882,scale,2.0,1.0,0.6397849462365591,0.1226024411508283,0.6374269005847952,0.6666666666666666,0.5630252100840336,0.8170731707317073
poly,21.54434690031882,auto,2.0,0.0,0.6397849462365591,0.05165649520488236,0.6392740324774944,0.6256983240223464,0.5773195876288659,0.6829268292682927
poly,21.54434690031882,auto,2.0,1.0,0.6397849462365591,0.1226024411508283,0.6374269005847952,0.6666666666666666,0.5630252100840336,0.8170731707317073
poly,46.41588833612777,scale,2.0,0.0,0.6505376344086021,0.049912816041848274,0.650284920887449,0.6596858638743456,0.5779816513761468,0.7682926829268293
poly,46.41588833612777,scale,2.0,1.0,0.5860215053763441,0.147086602731764,0.5860095389507154,0.5837837837837838,0.5242718446601942,0.6585365853658537
poly,46.41588833612777,auto,2.0,0.0,0.6505376344086021,0.049912816041848274,0.650284920887449,0.6596858638743456,0.5779816513761468,0.7682926829268293
poly,46.41588833612777,auto,2.0,1.0,0.5860215053763441,0.147086602731764,0.5860095389507154,0.5837837837837838,0.5242718446601942,0.6585365853658537
poly,100.0,scale,2.0,0.0,0.6612903225806451,0.05267364138331887,0.6539994685091681,0.704225352112676,0.5725190839694656,0.9146341463414634
poly,100.0,scale,2.0,1.0,0.6827956989247311,-0.05441732054635273,0.6823457897936145,0.694300518134715,0.6036036036036037,0.8170731707317073
poly,100.0,auto,2.0,0.0,0.6612903225806451,0.05267364138331887,0.6539994685091681,0.704225352112676,0.5725190839694656,0.9146341463414634
poly,100.0,auto,2.0,1.0,0.6827956989247311,-0.05441732054635273,0.6823457897936145,0.694300518134715,0.6036036036036037,0.8170731707317073
poly,215.44346900318823,scale,2.0,0.0,0.5752688172043011,0.026082534147050196,0.5631336405529954,0.6359447004608295,0.5111111111111111,0.8414634146341463
poly,215.44346900318823,scale,2.0,1.0,0.6021505376344086,0.009335948852077891,0.5942216981132076,0.6509433962264151,0.5307692307692308,0.8414634146341463
poly,215.44346900318823,auto,2.0,0.0,0.5752688172043011,0.026082534147050196,0.5631336405529954,0.6359447004608295,0.5111111111111111,0.8414634146341463
poly,215.44346900318823,auto,2.0,1.0,0.6021505376344086,0.009335948852077891,0.5942216981132076,0.6509433962264151,0.5307692307692308,0.8414634146341463
poly,464.1588833612773,scale,2.0,0.0,0.5806451612903226,-0.03447399011915142,0.5661483253588517,0.6454545454545455,0.5144927536231884,0.8658536585365854
poly,464.1588833612773,scale,2.0,1.0,0.5752688172043011,-0.015584132519616434,0.5724884350178929,0.5380116959064327,0.5168539325842697,0.5609756097560976
poly,464.1588833612773,auto,2.0,0.0,0.5806451612903226,-0.03447399011915142,0.5661483253588517,0.6454545454545455,0.5144927536231884,0.8658536585365854
poly,464.1588833612773,auto,2.0,1.0,0.5752688172043011,-0.015584132519616434,0.5724884350178929,0.5380116959064327,0.5168539325842697,0.5609756097560976
poly,1000.0,scale,2.0,0.0,0.6397849462365591,-0.05307323452484747,0.6294930875576037,0.6912442396313364,0.5555555555555556,0.9146341463414634
poly,1000.0,scale,2.0,1.0,0.5806451612903226,-0.015329845975007306,0.5794294990723562,0.6020408163265306,0.5175438596491229,0.7195121951219512
poly,1000.0,auto,2.0,0.0,0.6397849462365591,-0.05307323452484747,0.6294930875576037,0.6912442396313364,0.5555555555555556,0.9146341463414634
poly,1000.0,auto,2.0,1.0,0.5806451612903226,-0.015329845975007306,0.5794294990723562,0.6020408163265306,0.5175438596491229,0.7195121951219512
poly,0.01,scale,3.0,0.0,0.532258064516129,0.09161580935774483,0.4716426682339112,0.6506024096385542,0.48502994011976047,0.9878048780487805
poly,0.01,scale,3.0,1.0,0.5698924731182796,0.09902644580063935,0.562610229276896,0.5061728395061729,0.5125,0.5
poly,0.01,auto,3.0,0.0,0.532258064516129,0.09161580935774483,0.4716426682339112,0.6506024096385542,0.48502994011976047,0.9878048780487805
poly,0.01,auto,3.0,1.0,0.5698924731182796,0.09902644580063935,0.562610229276896,0.5061728395061729,0.5125,0.5
poly,0.021544346900318832,scale,3.0,0.0,0.543010752688172,0.09888113920371988,0.495645516317351,0.6502057613168725,0.4906832298136646,0.9634146341463414
poly,0.021544346900318832,scale,3.0,1.0,0.5913978494623656,0.09666521360069746,0.5875350140056023,0.5476190476190477,0.5348837209302325,0.5609756097560976
poly,0.021544346900318832,auto,3.0,0.0,0.543010752688172,0.09888113920371988,0.495645516317351,0.6502057613168725,0.4906832298136646,0.9634146341463414
poly,0.021544346900318832,auto,3.0,1.0,0.5913978494623656,0.09666521360069746,0.5875350140056023,0.5476190476190477,0.5348837209302325,0.5609756097560976
poly,0.046415888336127774,scale,3.0,0.0,0.5752688172043011,0.08013658820110425,0.5435937257338096,0.6638297872340425,0.5098039215686274,0.9512195121951219
poly,0.046415888336127774,scale,3.0,1.0,0.6290322580645161,0.0770488230165649,0.6287639929420612,0.6187845303867403,0.5656565656565656,0.6829268292682927
poly,0.046415888336127774,auto,3.0,0.0,0.5752688172043011,0.08013658820110425,0.5435937257338096,0.6638297872340425,0.5098039215686274,0.9512195121951219
poly,0.046415888336127774,auto,3.0,1.0,0.6290322580645161,0.0770488230165649,0.6287639929420612,0.6187845303867403,0.5656565656565656,0.6829268292682927
poly,0.1,scale,3.0,0.0,0.5860215053763441,0.09641092705608834,0.5602836879432624,0.6666666666666666,0.5167785234899329,0.9390243902439024
poly,0.1,scale,3.0,1.0,0.6397849462365591,0.08206190061028773,0.6396912134617052,0.6338797814207651,0.5742574257425742,0.7073170731707317
poly,0.1,auto,3.0,0.0,0.5860215053763441,0.09641092705608834,0.5602836879432624,0.6666666666666666,0.5167785234899329,0.9390243902439024
poly,0.1,auto,3.0,1.0,0.6397849462365591,0.08206190061028773,0.6396912134617052,0.6338797814207651,0.5742574257425742,0.7073170731707317
poly,0.21544346900318834,scale,3.0,0.0,0.6236559139784946,0.08129904097646035,0.6072635135135135,0.6875,0.5422535211267606,0.9390243902439024
poly,0.21544346900318834,scale,3.0,1.0,0.6666666666666666,0.07770270270270274,0.6665124349334876,0.6593406593406593,0.6,0.7317073170731707
poly,0.21544346900318834,auto,3.0,0.0,0.6236559139784946,0.08129904097646035,0.6072635135135135,0.6875,0.5422535211267606,0.9390243902439024
poly,0.21544346900318834,auto,3.0,1.0,0.6666666666666666,0.07770270270270274,0.6665124349334876,0.6593406593406593,0.6,0.7317073170731707
poly,0.46415888336127775,scale,3.0,0.0,0.6344086021505376,0.09081662307468763,0.6259316219093813,0.6822429906542056,0.553030303030303,0.8902439024390244
poly,0.46415888336127775,scale,3.0,1.0,0.6827956989247311,0.07508718395815173,0.6827131581229942,0.6775956284153005,0.6138613861386139,0.7560975609756098
poly,0.46415888336127775,auto,3.0,0.0,0.6344086021505376,0.09081662307468763,0.6259316219093813,0.6822429906542056,0.553030303030303,0.8902439024390244
poly,0.46415888336127775,auto,3.0,1.0,0.6827956989247311,0.07508718395815173,0.6827131581229942,0.6775956284153005,0.6138613861386139,0.7560975609756098
poly,1.0,scale,3.0,0.0,0.6397849462365591,0.09670154024992739,0.634191446267649,0.6794258373205742,0.5590551181102362,0.8658536585365854
poly,1.0,scale,3.0,1.0,0.6720430107526881,0.11286689915722181,0.6720335308570603,0.6737967914438503,0.6,0.7682926829268293
poly,1.0,auto,3.0,0.0,0.6397849462365591,0.09670154024992739,0.634191446267649,0.6794258373205742,0.5590551181102362,0.8658536585365854
poly,1.0,auto,3.0,1.0,0.6720430107526881,0.11286689915722181,0.6720335308570603,0.6737967914438503,0.6,0.7682926829268293
poly,2.154434690031882,scale,3.0,0.0,0.6397849462365591,0.12147631502470213,0.6351339481774265,0.6763285024154589,0.56,0.8536585365853658
poly,2.154434690031882,scale,3.0,1.0,0.6881720430107527,0.11137750653879686,0.6881720430107527,0.6881720430107527,0.6153846153846154,0.7804878048780488
poly,2.154434690031882,auto,3.0,0.0,0.6397849462365591,0.12147631502470213,0.6351339481774265,0.6763285024154589,0.56,0.8536585365853658
poly,2.154434690031882,auto,3.0,1.0,0.6881720430107527,0.11137750653879686,0.6881720430107527,0.6881720430107527,0.6153846153846154,0.7804878048780488
poly,4.6415888336127775,scale,3.0,0.0,0.6397849462365591,0.14399883754722465,0.6385206671501087,0.6598984771573604,0.5652173913043478,0.7926829268292683
poly,4.6415888336127775,scale,3.0,1.0,0.6720430107526881,0.15115518744551004,0.6720335308570603,0.6702702702702703,0.6019417475728155,0.7560975609756098
poly,4.6415888336127775,auto,3.0,0.0,0.6397849462365591,0.14399883754722465,0.6385206671501087,0.6598984771573604,0.5652173913043478,0.7926829268292683
poly,4.6415888336127775,auto,3.0,1.0,0.6720430107526881,0.15115518744551004,0.6720335308570603,0.6702702702702703,0.6019417475728155,0.7560975609756098
poly,10.0,scale,3.0,0.0,0.6290322580645161,0.17727404824179016,0.6287639929420612,0.6387434554973822,0.5596330275229358,0.7439024390243902
poly,10.0,scale,3.0,1.0,0.6505376344086021,0.1974353385643709,0.650527532880474,0.6524064171122995,0.580952380952381,0.7439024390243902
poly,10.0,auto,3.0,0.0,0.6290322580645161,0.17727404824179016,0.6287639929420612,0.6387434554973822,0.5596330275229358,0.7439024390243902
poly,10.0,auto,3.0,1.0,0.6505376344086021,0.1974353385643709,0.650527532880474,0.6524064171122995,0.580952380952381,0.7439024390243902
poly,21.54434690031882,scale,3.0,0.0,0.6612903225806451,0.15627724498692241,0.6608099111355544,0.6735751295336787,0.5855855855855856,0.7926829268292683
poly,21.54434690031882,scale,3.0,1.0,0.6774193548387096,0.17731037489102008,0.6768214988995713,0.6907216494845361,0.5982142857142857,0.8170731707317073
poly,21.54434690031882,auto,3.0,0.0,0.6612903225806451,0.15627724498692241,0.6608099111355544,0.6735751295336787,0.5855855855855856,0.7926829268292683
poly,21.54434690031882,auto,3.0,1.0,0.6774193548387096,0.17731037489102008,0.6768214988995713,0.6907216494845361,0.5982142857142857,0.8170731707317073
poly,46.41588833612777,scale,3.0,0.0,0.6666666666666666,0.13963963963963966,0.6564994638389134,0.7155963302752294,0.5735294117647058,0.9512195121951219
poly,46.41588833612777,scale,3.0,1.0,0.6559139784946236,0.1751671025864574,0.6526610644257703,0.6862745098039216,0.5737704918032787,0.8536585365853658
poly,46.41588833612777,auto,3.0,0.0,0.6666666666666666,0.13963963963963966,0.6564994638389134,0.7155963302752294,0.5735294117647058,0.9512195121951219
poly,46.41588833612777,auto,3.0,1.0,0.6559139784946236,0.1751671025864574,0.6526610644257703,0.6862745098039216,0.5737704918032787,0.8536585365853658
poly,100.0,scale,3.0,0.0,0.6989247311827957,0.10625544899738448,0.6919436886312551,0.7383177570093458,0.5984848484848485,0.9634146341463414
poly,100.0,scale,3.0,1.0,0.5913978494623656,0.11355710549258935,0.5866183179319219,0.6310679611650486,0.5241935483870968,0.7926829268292683
poly,100.0,auto,3.0,0.0,0.6989247311827957,0.10625544899738448,0.6919436886312551,0.7383177570093458,0.5984848484848485,0.9634146341463414
poly,100.0,auto,3.0,1.0,0.5913978494623656,0.11355710549258935,0.5866183179319219,0.6310679611650486,0.5241935483870968,0.7926829268292683
poly,215.44346900318823,scale,3.0,0.0,0.6021505376344086,0.09379540831153732,0.5942216981132076,0.6509433962264151,0.5307692307692308,0.8414634146341463
poly,215.44346900318823,scale,3.0,1.0,0.6021505376344086,0.030732345248474235,0.5991846243447874,0.6336633663366337,0.5333333333333333,0.7804878048780488
poly,215.44346900318823,auto,3.0,0.0,0.6021505376344086,0.09379540831153732,0.5942216981132076,0.6509433962264151,0.5307692307692308,0.8414634146341463
poly,215.44346900318823,auto,3.0,1.0,0.6021505376344086,0.030732345248474235,0.5991846243447874,0.6336633663366337,0.5333333333333333,0.7804878048780488
poly,464.1588833612773,scale,3.0,0.0,0.5161290322580645,0.07733943621040396,0.5141065830721003,0.5454545454545454,0.46551724137931033,0.6585365853658537
poly,464.1588833612773,scale,3.0,1.0,0.5860215053763441,-0.04210258645742515,0.5845685279187818,0.56,0.5268817204301075,0.5975609756097561
poly,464.1588833612773,auto,3.0,0.0,0.5161290322580645,0.07733943621040396,0.5141065830721003,0.5454545454545454,0.46551724137931033,0.6585365853658537
poly,464.1588833612773,auto,3.0,1.0,0.5860215053763441,-0.04210258645742515,0.5845685279187818,0.56,0.5268817204301075,0.5975609756097561
poly,1000.0,scale,3.0,0.0,0.6720430107526881,-0.009880848590525959,0.6613841883785477,0.7214611872146118,0.5766423357664233,0.9634146341463414
poly,1000.0,scale,3.0,1.0,0.5913978494623656,0.014458006393490264,0.5890697674418605,0.62,0.5254237288135594,0.7560975609756098
poly,1000.0,auto,3.0,0.0,0.6720430107526881,-0.009880848590525959,0.6613841883785477,0.7214611872146118,0.5766423357664233,0.9634146341463414
poly,1000.0,auto,3.0,1.0,0.5913978494623656,0.014458006393490264,0.5890697674418605,0.62,0.5254237288135594,0.7560975609756098
poly,0.01,scale,4.0,0.0,0.6344086021505376,-0.03305725079918631,0.6166808097951266,0.5342465753424658,0.609375,0.47560975609756095
poly,0.01,scale,4.0,1.0,0.5860215053763441,0.1009154315605928,0.5741935483870968,0.5032258064516129,0.5342465753424658,0.47560975609756095
poly,0.01,auto,4.0,0.0,0.6344086021505376,-0.03305725079918631,0.6166808097951266,0.5342465753424658,0.609375,0.47560975609756095
poly,0.01,auto,4.0,1.0,0.5860215053763441,0.1009154315605928,0.5741935483870968,0.5032258064516129,0.5342465753424658,0.47560975609756095
poly,0.021544346900318832,scale,4.0,0.0,0.6129032258064516,-0.05321854112176694,0.5645161290322581,0.41935483870967744,0.6190476190476191,0.3170731707317073
poly,0.021544346900318832,scale,4.0,1.0,0.6075268817204301,0.10756320836965994,0.6049576678013442,0.5730994152046783,0.550561797752809,0.5975609756097561
poly,0.021544346900318832,auto,4.0,0.0,0.6129032258064516,-0.05321854112176694,0.5645161290322581,0.41935483870967744,0.6190476190476191,0.3170731707317073
poly,0.021544346900318832,auto,4.0,1.0,0.6075268817204301,0.10756320836965994,0.6049576678013442,0.5730994152046783,0.550561797752809,0.5975609756097561
poly,0.046415888336127774,scale,4.0,0.0,0.6075268817204301,-0.027571926765475152,0.5636188333601158,0.4251968503937008,0.6,0.32926829268292684
poly,0.046415888336127774,scale,4.0,1.0,0.6397849462365591,0.09670154024992739,0.6392740324774944,0.6256983240223464,0.5773195876288659,0.6829268292682927
poly,0.046415888336127774,auto,4.0,0.0,0.6075268817204301,-0.027571926765475152,0.5636188333601158,0.4251968503937008,0.6,0.32926829268292684
poly,0.046415888336127774,auto,4.0,1.0,0.6397849462365591,0.09670154024992739,0.6392740324774944,0.6256983240223464,0.5773195876288659,0.6829268292682927
poly,0.1,scale,4.0,0.0,0.6075268817204301,-0.016310665504213895,0.5668485022490191,0.43410852713178294,0.5957446808510638,0.34146341463414637
poly,0.1,scale,4.0,1.0,0.6612903225806451,0.0909619296716071,0.6608099111355544,0.6480446927374302,0.5979381443298969,0.7073170731707317
poly,0.1,auto,4.0,0.0,0.6075268817204301,-0.016310665504213895,0.5668485022490191,0.43410852713178294,0.5957446808510638,0.34146341463414637
poly,0.1,auto,4.0,1.0,0.6612903225806451,0.0909619296716071,0.6608099111355544,0.6480446927374302,0.5979381443298969,0.7073170731707317
poly,0.21544346900318834,scale,4.0,0.0,0.5967741935483871,0.02146904969485608,0.5611413470915783,0.43609022556390975,0.5686274509803921,0.35365853658536583
poly,0.21544346900318834,scale,4.0,1.0,0.6935483870967742,0.08235251380412667,0.6934686442883164,0.6885245901639344,0.6237623762376238,0.7682926829268293
poly,0.21544346900318834,auto,4.0,0.0,0.5967741935483871,0.02146904969485608,0.5611413470915783,0.43609022556390975,0.5686274509803921,0.35365853658536583
poly,0.21544346900318834,auto,4.0,1.0,0.6935483870967742,0.08235251380412667,0.6934686442883164,0.6885245901639344,0.6237623762376238,0.7682926829268293
poly,0.46415888336127775,scale,4.0,0.0,0.5967741935483871,0.037234815460621906,0.5667029041776673,0.45255474452554745,0.5636363636363636,0.3780487804878049
poly,0.46415888336127775,scale,4.0,1.0,0.6774193548387096,0.1277608253414706,0.6772700983227299,0.6703296703296703,0.61,0.7439024390243902
poly,0.46415888336127775,auto,4.0,0.0,0.5967741935483871,0.037234815460621906,0.5667029041776673,0.45255474452554745,0.5636363636363636,0.3780487804878049
poly,0.46415888336127775,auto,4.0,1.0,0.6774193548387096,0.1277608253414706,0.6772700983227299,0.6703296703296703,0.61,0.7439024390243902
poly,1.0,scale,4.0,0.0,0.5967741935483871,0.05863121185701825,0.5667029041776673,0.45255474452554745,0.5636363636363636,0.3780487804878049
poly,1.0,scale,4.0,1.0,0.6720430107526881,0.1590380703283929,0.6715778504645844,0.659217877094972,0.6082474226804123,0.7195121951219512
poly,1.0,auto,4.0,0.0,0.5967741935483871,0.05863121185701825,0.5667029041776673,0.45255474452554745,0.5636363636363636,0.3780487804878049
poly,1.0,auto,4.0,1.0,0.6720430107526881,0.1590380703283929,0.6715778504645844,0.659217877094972,0.6082474226804123,0.7195121951219512
poly,2.154434690031882,scale,4.0,0.0,0.6182795698924731,0.07991862830572505,0.5945472966749562,0.49645390070921985,0.5932203389830508,0.4268292682926829
poly,2.154434690031882,scale,4.0,1.0,0.6505376344086021,0.2041920953211276,0.6504466996270275,0.644808743169399,0.5841584158415841,0.7195121951219512
poly,2.154434690031882,auto,4.0,0.0,0.6182795698924731,0.07991862830572505,0.5945472966749562,0.49645390070921985,0.5932203389830508,0.4268292682926829
poly,2.154434690031882,auto,4.0,1.0,0.6505376344086021,0.2041920953211276,0.6504466996270275,0.644808743169399,0.5841584158415841,0.7195121951219512
poly,4.6415888336127775,scale,4.0,0.0,0.6075268817204301,0.10981546062191216,0.5894784580498866,0.5034013605442177,0.5692307692307692,0.45121951219512196
poly,4.6415888336127775,scale,4.0,1.0,0.6075268817204301,0.2640947399011915,0.6075155369273016,0.6096256684491979,0.5428571428571428,0.6951219512195121
poly,4.6415888336127775,auto,4.0,0.0,0.6075268817204301,0.10981546062191216,0.5894784580498866,0.5034013605442177,0.5692307692307692,0.45121951219512196
poly,4.6415888336127775,auto,4.0,1.0,0.6075268817204301,0.2640947399011915,0.6075155369273016,0.6096256684491979,0.5428571428571428,0.6951219512195121
poly,10.0,scale,4.0,0.0,0.6344086021505376,0.11221301947108397,0.6201801801801802,0.5466666666666666,0.6029411764705882,0.5
poly,10.0,scale,4.0,1.0,0.5967741935483871,0.28948706771287414,0.5962022751613744,0.6113989637305699,0.5315315315315315,0.7195121951219512
poly,10.0,auto,4.0,0.0,0.6344086021505376,0.11221301947108397,0.6201801801801802,0.5466666666666666,0.6029411764705882,0.5
poly,10.0,auto,4.0,1.0,0.5967741935483871,0.28948706771287414,0.5962022751613744,0.6113989637305699,0.5315315315315315,0.7195121951219512
poly,21.54434690031882,scale,4.0,0.0,0.6290322580645161,0.1468686428363848,0.6169755573462261,0.5490196078431373,0.5915492957746479,0.5121951219512195
poly,21.54434690031882,scale,4.0,1.0,0.6344086021505376,0.25523103748910203,0.6333487940630798,0.6530612244897959,0.5614035087719298,0.7804878048780488
poly,21.54434690031882,auto,4.0,0.0,0.6290322580645161,0.1468686428363848,0.6169755573462261,0.5490196078431373,0.5915492957746479,0.5121951219512195
poly,21.54434690031882,auto,4.0,1.0,0.6344086021505376,0.25523103748910203,0.6333487940630798,0.6530612244897959,0.5614035087719298,0.7804878048780488
poly,46.41588833612777,scale,4.0,0.0,0.6236559139784946,0.17364138331880263,0.6149296107890689,0.5569620253164557,0.5789473684210527,0.5365853658536586
poly,46.41588833612777,scale,4.0,1.0,0.6774193548387096,0.15929235687300203,0.6736460404725699,0.7087378640776699,0.5887096774193549,0.8902439024390244
poly,46.41588833612777,auto,4.0,0.0,0.6236559139784946,0.17364138331880263,0.6149296107890689,0.5569620253164557,0.5789473684210527,0.5365853658536586
poly,46.41588833612777,auto,4.0,1.0,0.6774193548387096,0.15929235687300203,0.6736460404725699,0.7087378640776699,0.5887096774193549,0.8902439024390244
poly,100.0,scale,4.0,0.0,0.6559139784946236,0.1819238593432142,0.6526610644257703,0.6190476190476191,0.6046511627906976,0.6341463414634146
poly,100.0,scale,4.0,1.0,0.7526881720430108,0.016455972101133365,0.7519712430426716,0.7653061224489796,0.6578947368421053,0.9146341463414634
poly,100.0,auto,4.0,0.0,0.6559139784946236,0.1819238593432142,0.6526610644257703,0.6190476190476191,0.6046511627906976,0.6341463414634146
poly,100.0,auto,4.0,1.0,0.7526881720430108,0.016455972101133365,0.7519712430426716,0.7653061224489796,0.6578947368421053,0.9146341463414634
poly,215.44346900318823,scale,4.0,0.0,0.7150537634408602,0.13066695727986044,0.7120490725865343,0.7414634146341463,0.6178861788617886,0.926829268292683
poly,215.44346900318823,scale,4.0,1.0,0.5645161290322581,0.050348735832606795,0.5642012091058981,0.5759162303664922,0.5045871559633027,0.6707317073170732
poly,215.44346900318823,auto,4.0,0.0,0.7150537634408602,0.13066695727986044,0.7120490725865343,0.7414634146341463,0.6178861788617886,0.926829268292683
poly,215.44346900318823,auto,4.0,1.0,0.5645161290322581,0.050348735832606795,0.5642012091058981,0.5759162303664922,0.5045871559633027,0.6707317073170732
poly,464.1588833612773,scale,4.0,0.0,0.6827956989247311,0.06157367044463824,0.6759677562228719,0.7230046948356808,0.5877862595419847,0.9390243902439024
poly,464.1588833612773,scale,4.0,1.0,0.6505376344086021,0.00036326649229878605,0.6500419718065245,0.6632124352331606,0.5765765765765766,0.7804878048780488
poly,464.1588833612773,auto,4.0,0.0,0.6827956989247311,0.06157367044463824,0.6759677562228719,0.7230046948356808,0.5877862595419847,0.9390243902439024
poly,464.1588833612773,auto,4.0,1.0,0.6505376344086021,0.00036326649229878605,0.6500419718065245,0.6632124352331606,0.5765765765765766,0.7804878048780488
poly,1000.0,scale,4.0,0.0,0.553763440860215,0.08362394652717242,0.530973720188364,0.6343612334801763,0.496551724137931,0.8780487804878049
poly,1000.0,scale,4.0,1.0,0.6774193548387096,-0.033275210694565516,0.6770833333333333,0.6875,0.6,0.8048780487804879
poly,1000.0,auto,4.0,0.0,0.553763440860215,0.08362394652717242,0.530973720188364,0.6343612334801763,0.496551724137931,0.8780487804878049
poly,1000.0,auto,4.0,1.0,0.6774193548387096,-0.033275210694565516,0.6770833333333333,0.6875,0.6,0.8048780487804879
